{"cameraMode":{"drawMode":0,"name":"Shaded","section":"Shading Mode"},"sceneLighting":false,"audioPlay":false,"sceneViewState":{"showFog":true,"showMaterialUpdate":false,"showSkybox":true,"showFlares":true,"showImageEffects":true,"showParticleSystems":true},"in2DMode":false,"pivot":{"x":0.05000000074505806,"y":0.04999999701976776,"z":0.04999999701976776},"rotation":{"x":0.04112718626856804,"y":0.3245851993560791,"z":-0.014128387905657292,"w":0.9448563456535339},"size":0.3429460823535919,"orthographic":false}